{"cameraMode":{"drawMode":0,"name":"Shaded","section":"Shading Mode"},"sceneLighting":false,"audioPlay":false,"sceneViewState":{"showFog":true,"showMaterialUpdate":false,"showSkybox":true,"showFlares":true,"showImageEffects":true,"showParticleSystems":true},"in2DMode":false,"pivot":{"x":84.34576416015625,"y":-74.2741470336914,"z":0.01784038543701172},"rotation":{"x":-0.006309570744633675,"y":-0.0009022055310197175,"z":0.000005926798621658236,"w":-0.9999803900718689},"size":1.7107136249542237,"orthographic":false}