{"cameraMode":{"drawMode":0,"name":"Shaded","section":"Shading Mode"},"sceneLighting":false,"audioPlay":false,"sceneViewState":{"showFog":true,"showMaterialUpdate":false,"showSkybox":true,"showFlares":true,"showImageEffects":true,"showParticleSystems":true},"in2DMode":false,"pivot":{"x":65.12000274658203,"y":-35.119998931884769,"z":50.20000076293945},"rotation":{"x":-0.04526624456048012,"y":0.035054583102464679,"z":-0.0015891649527475238,"w":-0.9983589053153992},"size":167.70101928710938,"orthographic":false}