{"cameraMode":{"drawMode":0,"name":"Shaded","section":"Shading Mode"},"sceneLighting":false,"audioPlay":false,"sceneViewState":{"showFog":true,"showMaterialUpdate":false,"showSkybox":true,"showFlares":true,"showImageEffects":true,"showParticleSystems":true},"in2DMode":false,"pivot":{"x":46.02000045776367,"y":-38.099998474121097,"z":0.0},"rotation":{"x":-0.04526624456048012,"y":0.035054583102464679,"z":-0.0015891649527475238,"w":-0.9983589053153992},"size":1.9982953071594239,"orthographic":false}