{"cameraMode":{"drawMode":0,"name":"Shaded","section":"Shading Mode"},"sceneLighting":false,"audioPlay":false,"sceneViewState":{"showFog":true,"showMaterialUpdate":false,"showSkybox":true,"showFlares":true,"showImageEffects":true,"showParticleSystems":true},"in2DMode":false,"pivot":{"x":43.279998779296878,"y":-14.102499961853028,"z":0.0},"rotation":{"x":-0.006309570744633675,"y":-0.0009022055310197175,"z":0.000005926798621658236,"w":-0.9999803900718689},"size":4.186442852020264,"orthographic":false}